,title,date,url
0,太钢不锈：独立董事提名人声明(王东升)（下载公告）,2022/9/29,/corp/view/vCB_AllBulletinDetail.php?stockid=000825&id=8566285
1,太钢不锈：独立董事事前认可函（下载公告）,2022/9/29,/corp/view/vCB_AllBulletinDetail.php?stockid=000825&id=8566284
2,太钢不锈：独立董事意见（下载公告）,2022/9/29,/corp/view/vCB_AllBulletinDetail.php?stockid=000825&id=8566283
3,太钢不锈：上海市锦天城律师事务所关于山西太钢不锈钢股份有限公司2021年A股限制性股票激励计划回购注销部分限制性股票的法律意见书（下载公告）,2022/9/29,/corp/view/vCB_AllBulletinDetail.php?stockid=000825&id=8566282
4,太钢不锈：独立董事提名人声明(毛新平)（下载公告）,2022/9/29,/corp/view/vCB_AllBulletinDetail.php?stockid=000825&id=8566281
5,太钢不锈：独立董事提名人声明(刘新权)（下载公告）,2022/9/29,/corp/view/vCB_AllBulletinDetail.php?stockid=000825&id=8566280
6,太钢不锈：独立董事提名人声明(汪建华)（下载公告）,2022/9/29,/corp/view/vCB_AllBulletinDetail.php?stockid=000825&id=8566279
7,太钢不锈：独立董事候选人声明(汪建华)（下载公告）,2022/9/29,/corp/view/vCB_AllBulletinDetail.php?stockid=000825&id=8566278
8,太钢不锈：关于拟变更会计师事务所的公告（下载公告）,2022/9/29,/corp/view/vCB_AllBulletinDetail.php?stockid=000825&id=8566277
9,太钢不锈：独立董事候选人声明(刘新权)（下载公告）,2022/9/29,/corp/view/vCB_AllBulletinDetail.php?stockid=000825&id=8566276
10,太钢不锈：独立董事候选人声明(毛新平)（下载公告）,2022/9/29,/corp/view/vCB_AllBulletinDetail.php?stockid=000825&id=8566275
11,太钢不锈：关于对外投资的公告（下载公告）,2022/9/29,/corp/view/vCB_AllBulletinDetail.php?stockid=000825&id=8566274
12,太钢不锈：第八届监事会第十四次会议决议公告（下载公告）,2022/9/29,/corp/view/vCB_AllBulletinDetail.php?stockid=000825&id=8566273
13,太钢不锈：关于回购注销部分限制性股票的公告（下载公告）,2022/9/29,/corp/view/vCB_AllBulletinDetail.php?stockid=000825&id=8566272
14,太钢不锈：独立董事候选人声明(王东升)（下载公告）,2022/9/29,/corp/view/vCB_AllBulletinDetail.php?stockid=000825&id=8566271
15,太钢不锈：关于回购注销部分限制性股票减少注册资本暨通知债权人的公告（下载公告）,2022/9/29,/corp/view/vCB_AllBulletinDetail.php?stockid=000825&id=8566270
16,太钢不锈：第八届董事会第三十次会议决议公告（下载公告）,2022/9/29,/corp/view/vCB_AllBulletinDetail.php?stockid=000825&id=8566269
17,太钢不锈：关于召开2022年第二次临时股东大会的通知（下载公告）,2022/9/29,/corp/view/vCB_AllBulletinDetail.php?stockid=000825&id=8566268
18,太钢不锈：关于召开2022年半年度业绩说明会的公告（下载公告）,2022/9/6,/corp/view/vCB_AllBulletinDetail.php?stockid=000825&id=8519648
19,太钢不锈：独立董事关于公司董事长辞职的独立意见（下载公告）,2022/8/27,/corp/view/vCB_AllBulletinDetail.php?stockid=000825&id=8478732
20,太钢不锈：关于公司董事长辞职的公告（下载公告）,2022/8/27,/corp/view/vCB_AllBulletinDetail.php?stockid=000825&id=8478731
21,太钢不锈：山西太钢不锈钢股份有限公司与太钢集团财务有限公司关联存贷款等金融业务风险评估报告（下载公告）,2022/8/20,/corp/view/vCB_AllBulletinDetail.php?stockid=000825&id=8438489
22,太钢不锈：山西太钢不锈钢股份有限公司金融衍生品交易业务管理办法（下载公告）,2022/8/20,/corp/view/vCB_AllBulletinDetail.php?stockid=000825&id=8438485
23,太钢不锈：独立董事关于控股股东及其他关联方占用公司资金、公司对外担保情况的专项说明和独立意见（下载公告）,2022/8/20,/corp/view/vCB_AllBulletinDetail.php?stockid=000825&id=8438482
24,太钢不锈：山西太钢不锈钢股份有限公司投资者关系管理制度（下载公告）,2022/8/20,/corp/view/vCB_AllBulletinDetail.php?stockid=000825&id=8438481
25,太钢不锈：2022年半年度报告（下载公告）,2022/8/20,/corp/view/vCB_AllBulletinDetail.php?stockid=000825&id=8438480
26,太钢不锈：2022年半年度财务报告（下载公告）,2022/8/20,/corp/view/vCB_AllBulletinDetail.php?stockid=000825&id=8438479
27,太钢不锈：半年度非经营性资金占用及其他关联资金往来情况汇总表（下载公告）,2022/8/20,/corp/view/vCB_AllBulletinDetail.php?stockid=000825&id=8438478
28,太钢不锈：第八届监事会第十三次会议决议公告（下载公告）,2022/8/20,/corp/view/vCB_AllBulletinDetail.php?stockid=000825&id=8438476
29,太钢不锈：2022年半年度报告摘要（下载公告）,2022/8/20,/corp/view/vCB_AllBulletinDetail.php?stockid=000825&id=8438475
30,太钢不锈：第八届董事会第二十九次会议决议公告（下载公告）,2022/8/20,/corp/view/vCB_AllBulletinDetail.php?stockid=000825&id=8438474
31,太钢不锈：2022年半年度业绩预告（下载公告）,2022/7/15,/corp/view/vCB_AllBulletinDetail.php?stockid=000825&id=8362590
32,太钢不锈：山西太钢不锈钢股份有限公司章程(2022年7月)（下载公告）,2022/7/14,/corp/view/vCB_AllBulletinDetail.php?stockid=000825&id=8360199
33,太钢不锈：2022年第一次临时股东大会法律意见书（下载公告）,2022/7/14,/corp/view/vCB_AllBulletinDetail.php?stockid=000825&id=8360198
34,太钢不锈：第八届董事会第二十八次会议决议公告（下载公告）,2022/7/14,/corp/view/vCB_AllBulletinDetail.php?stockid=000825&id=8360197
35,太钢不锈：2022年第一次临时股东大会决议公告（下载公告）,2022/7/14,/corp/view/vCB_AllBulletinDetail.php?stockid=000825&id=8360196
36,太钢不锈：关于召开2022年第一次临时股东大会的提示性公告（下载公告）,2022/7/9,/corp/view/vCB_AllBulletinDetail.php?stockid=000825&id=8351705
37,太钢不锈：独立董事事前认可函（下载公告）,2022/6/25,/corp/view/vCB_AllBulletinDetail.php?stockid=000825&id=8318946
38,太钢不锈：独立董事意见（下载公告）,2022/6/25,/corp/view/vCB_AllBulletinDetail.php?stockid=000825&id=8318945
39,太钢不锈：关于证券事务代表周金晓先生辞职的公告（下载公告）,2022/6/25,/corp/view/vCB_AllBulletinDetail.php?stockid=000825&id=8318944
40,太钢不锈：关于修订《公司章程》的公告（下载公告）,2022/6/25,/corp/view/vCB_AllBulletinDetail.php?stockid=000825&id=8318943
41,太钢不锈：第八届董事会第二十七次会议决议公告（下载公告）,2022/6/25,/corp/view/vCB_AllBulletinDetail.php?stockid=000825&id=8318942
42,太钢不锈：山西太钢不锈钢股份有限公司章程（2022年6月）（下载公告）,2022/6/25,/corp/view/vCB_AllBulletinDetail.php?stockid=000825&id=8318931
43,太钢不锈：关于子公司购买炼钢产能暨关联交易的公告（下载公告）,2022/6/25,/corp/view/vCB_AllBulletinDetail.php?stockid=000825&id=8318930
44,太钢不锈：关于召开2022年第一次临时股东大会的通知（下载公告）,2022/6/25,/corp/view/vCB_AllBulletinDetail.php?stockid=000825&id=8318929
45,太钢不锈：2021年度权益分派实施公告,2022/6/22,/corp/view/vCB_AllBulletinDetail.php?stockid=000825&id=8308347
46,太钢不锈：关于子公司完成工商注册登记并取得营业执照的公告（下载公告）,2022/6/21,/corp/view/vCB_AllBulletinDetail.php?stockid=000825&id=8305409
47,太钢不锈：关于参加山西辖区上市公司2022年度投资者网上集体接待日活动的公告（下载公告）,2022/6/18,/corp/view/vCB_AllBulletinDetail.php?stockid=000825&id=8303101
48,太钢不锈：关于公司董事辞职的公告（下载公告）,2022/6/18,/corp/view/vCB_AllBulletinDetail.php?stockid=000825&id=8303100
49,太钢不锈：第八届董事会第二十六次会议决议公告（下载公告）,2022/6/17,/corp/view/vCB_AllBulletinDetail.php?stockid=000825&id=8299426
50,太钢不锈：关于限制性股票授予登记完成的公告（下载公告）,2022/6/17,/corp/view/vCB_AllBulletinDetail.php?stockid=000825&id=8299224
51,太钢不锈：关于公司相关人员收到《行政处罚决定书》的公告（下载公告）,2022/6/10,/corp/view/vCB_AllBulletinDetail.php?stockid=000825&id=8283178
52,太钢不锈：关于收到《经营者集中反垄断审查不实施进一步审查决定书》的公告（下载公告）,2022/6/7,/corp/view/vCB_AllBulletinDetail.php?stockid=000825&id=8274288
53,太钢不锈：监事会关于2021年A股限制性股票激励计划授予日激励对象名单的核查意见（下载公告）,2022/5/20,/corp/view/vCB_AllBulletinDetail.php?stockid=000825&id=8231606
54,太钢不锈：独立董事关于向激励对象授予限制性股票相关事项的独立意见（下载公告）,2022/5/20,/corp/view/vCB_AllBulletinDetail.php?stockid=000825&id=8231605
55,太钢不锈：上海荣正投资咨询股份有限公司关于山西太钢不锈钢股份有限公司2021年A股限制性股票激励计划授予事项之财务顾问报告（下载公告）,2022/5/20,/corp/view/vCB_AllBulletinDetail.php?stockid=000825&id=8231604
56,太钢不锈：上海市锦天城律师事务所关于山西太钢不锈钢股份有限公司2021年A股限制性股票激励计划限制性股票授予事项的法律意见书（下载公告）,2022/5/20,/corp/view/vCB_AllBulletinDetail.php?stockid=000825&id=8231603
57,太钢不锈：第八届董事会第二十五次会议决议公告（下载公告）,2022/5/20,/corp/view/vCB_AllBulletinDetail.php?stockid=000825&id=8231602
58,太钢不锈：第八届监事会第十二次会议决议公告（下载公告）,2022/5/20,/corp/view/vCB_AllBulletinDetail.php?stockid=000825&id=8231601
59,太钢不锈：关于向激励对象授予A股限制性股票的公告（下载公告）,2022/5/20,/corp/view/vCB_AllBulletinDetail.php?stockid=000825&id=8231600
60,太钢不锈：2021年度股东大会决议公告（下载公告）,2022/5/20,/corp/view/vCB_AllBulletinDetail.php?stockid=000825&id=8231402
61,太钢不锈：北京德恒（太原）律师事务所关于山西太钢不锈钢股份有限公司2021年度股东大会的法律意见（下载公告）,2022/5/20,/corp/view/vCB_AllBulletinDetail.php?stockid=000825&id=8231401
62,太钢不锈：关于公司2021年A股限制性股票激励计划内幕信息知情人及拟激励对象买卖公司股票情况的自查报告（下载公告）,2022/5/20,/corp/view/vCB_AllBulletinDetail.php?stockid=000825&id=8231400
63,太钢不锈：关于2021年度股东大会的提示性公告（下载公告）,2022/5/17,/corp/view/vCB_AllBulletinDetail.php?stockid=000825&id=8214929
64,太钢不锈：监事会关于2021年A股限制性股票激励计划激励对象名单的核查意见及公示情况说明的公告（下载公告）,2022/5/14,/corp/view/vCB_AllBulletinDetail.php?stockid=000825&id=8211643
65,太钢不锈：关于公司相关人员收到《行政处罚事先告知书》的公告（下载公告）,2022/5/10,/corp/view/vCB_AllBulletinDetail.php?stockid=000825&id=8195915
66,太钢不锈：上市公司股权激励计划自查表（下载公告）,2022/5/7,/corp/view/vCB_AllBulletinDetail.php?stockid=000825&id=8193337
67,太钢不锈：第八届董事会第二十四次会议决议公告,2022/5/7,/corp/view/vCB_AllBulletinDetail.php?stockid=000825&id=8193336
68,太钢不锈：关于公司2021年A股限制性股票激励计划获得国务院国资委批复的公告（下载公告）,2022/5/7,/corp/view/vCB_AllBulletinDetail.php?stockid=000825&id=8193335
69,太钢不锈：监事会关于公司2021年A股限制性股票激励计划（草案）的核查意见,2022/5/7,/corp/view/vCB_AllBulletinDetail.php?stockid=000825&id=8193312
70,太钢不锈：股权激励管理办法（修订稿）,2022/5/7,/corp/view/vCB_AllBulletinDetail.php?stockid=000825&id=8193311
71,太钢不锈：关于2021年度股东大会增加临时提案暨股东大会补充通知的公告,2022/5/7,/corp/view/vCB_AllBulletinDetail.php?stockid=000825&id=8193310
72,太钢不锈：2021年A股限制性股票激励计划（草案修订稿）,2022/5/7,/corp/view/vCB_AllBulletinDetail.php?stockid=000825&id=8193305
73,太钢不锈：上海市锦天城律师事务所关于山西太钢不锈钢股份有限公司2021年A股限制性股票激励计划（草案修订稿）的法律意见书,2022/5/7,/corp/view/vCB_AllBulletinDetail.php?stockid=000825&id=8193304
74,太钢不锈：2021年A股限制性股票激励计划业绩考核办法（修订稿）（下载公告）,2022/5/7,/corp/view/vCB_AllBulletinDetail.php?stockid=000825&id=8193303
75,太钢不锈：2021年A股限制性股票激励计划（草案修订稿）摘要公告（下载公告）,2022/5/7,/corp/view/vCB_AllBulletinDetail.php?stockid=000825&id=8193302
76,太钢不锈：关于2021年A股限制性股票激励计划（草案）及摘要修订说明公告,2022/5/7,/corp/view/vCB_AllBulletinDetail.php?stockid=000825&id=8193301
77,太钢不锈：独立董事公开征集委托投票权报告书（下载公告）,2022/5/7,/corp/view/vCB_AllBulletinDetail.php?stockid=000825&id=8193300
78,太钢不锈：独立董事意见,2022/5/7,/corp/view/vCB_AllBulletinDetail.php?stockid=000825&id=8193296
79,太钢不锈：上海荣正投资咨询股份有限公司关于山西太钢不锈钢股份有限公司2021年A股限制性股票激励计划之财务顾问报告,2022/5/7,/corp/view/vCB_AllBulletinDetail.php?stockid=000825&id=8193295
80,太钢不锈：第八届监事会第十一次会议决议公告（下载公告）,2022/5/7,/corp/view/vCB_AllBulletinDetail.php?stockid=000825&id=8193294
81,太钢不锈：关于收到持股3%以上股东增加2021年度股东大会临时提案的公告,2022/5/7,/corp/view/vCB_AllBulletinDetail.php?stockid=000825&id=8193293
82,太钢不锈：关于对外投资的补充公告（下载公告）,2022/4/29,/corp/view/vCB_AllBulletinDetail.php?stockid=000825&id=8131492
83,太钢不锈：关于召开2021年度业绩说明会的公告（下载公告）,2022/4/29,/corp/view/vCB_AllBulletinDetail.php?stockid=000825&id=8131487
84,太钢不锈：监事会对《公司2021年度内部控制自我评价报告》的意见（下载公告）,2022/4/23,/corp/view/vCB_AllBulletinDetail.php?stockid=000825&id=8052266
85,太钢不锈：年度关联方资金占用专项审计报告（下载公告）,2022/4/23,/corp/view/vCB_AllBulletinDetail.php?stockid=000825&id=8052265
86,太钢不锈：监事会决议公告（下载公告）,2022/4/23,/corp/view/vCB_AllBulletinDetail.php?stockid=000825&id=8052264
87,太钢不锈：董事会决议公告（下载公告）,2022/4/23,/corp/view/vCB_AllBulletinDetail.php?stockid=000825&id=8052261
88,太钢不锈：年度股东大会通知（下载公告）,2022/4/23,/corp/view/vCB_AllBulletinDetail.php?stockid=000825&id=8052259
89,太钢不锈：内部控制自我评价报告（下载公告）,2022/4/23,/corp/view/vCB_AllBulletinDetail.php?stockid=000825&id=8052242
90,太钢不锈：山西太钢不锈钢股份有限公司2021年度监事会工作报告（下载公告）,2022/4/23,/corp/view/vCB_AllBulletinDetail.php?stockid=000825&id=8052241
91,太钢不锈：山西太钢不锈钢股份有限公司与太钢集团财务有限公司关联存贷款等金融业务风险评估报告（下载公告）,2022/4/23,/corp/view/vCB_AllBulletinDetail.php?stockid=000825&id=8052240
92,太钢不锈：独立董事2021年度述职报告（李端生）（下载公告）,2022/4/23,/corp/view/vCB_AllBulletinDetail.php?stockid=000825&id=8052239
93,太钢不锈：独立董事2021年度述职报告（毛新平）（下载公告）,2022/4/23,/corp/view/vCB_AllBulletinDetail.php?stockid=000825&id=8052238
94,太钢不锈：独立董事2021年度述职报告（刘新权）（下载公告）,2022/4/23,/corp/view/vCB_AllBulletinDetail.php?stockid=000825&id=8052237
95,太钢不锈：独立董事2021年度述职报告（汪建华）（下载公告）,2022/4/23,/corp/view/vCB_AllBulletinDetail.php?stockid=000825&id=8052236
96,太钢不锈：监事会对2021年年度报告的书面审核意见（下载公告）,2022/4/23,/corp/view/vCB_AllBulletinDetail.php?stockid=000825&id=8052235
97,太钢不锈：监事会2022年第一季度报告的书面审核意见（下载公告）,2022/4/23,/corp/view/vCB_AllBulletinDetail.php?stockid=000825&id=8052234
98,太钢不锈：关于会计政策变更的公告（下载公告）,2022/4/23,/corp/view/vCB_AllBulletinDetail.php?stockid=000825&id=8052233
99,太钢不锈：关于与合作银行开展商业汇票质押业务的公告（下载公告）,2022/4/23,/corp/view/vCB_AllBulletinDetail.php?stockid=000825&id=8052232
